{"cameraMode":{"drawMode":0,"name":"Shaded","section":"Shading Mode"},"sceneLighting":true,"audioPlay":false,"sceneViewState":{"showFog":true,"showMaterialUpdate":false,"showSkybox":true,"showFlares":true,"showImageEffects":true,"showParticleSystems":true},"in2DMode":false,"pivot":{"x":1.8580539226531983,"y":0.8252906799316406,"z":0.5386629104614258},"rotation":{"x":-0.030951129272580148,"y":0.2654353082180023,"z":-0.008525536395609379,"w":-0.9635984301567078},"size":6.13185453414917,"orthographic":true}