{"cameraMode":{"drawMode":0,"name":"Shaded","section":"Shading Mode"},"sceneLighting":true,"audioPlay":false,"sceneViewState":{"showFog":true,"showMaterialUpdate":false,"showSkybox":true,"showFlares":true,"showImageEffects":true,"showParticleSystems":true},"in2DMode":false,"pivot":{"x":1.8580539226531983,"y":0.8252906799316406,"z":0.5386629104614258},"rotation":{"x":-0.17973019182682038,"y":0.12095078080892563,"z":-0.022273236885666848,"w":-0.9760014414787293},"size":5.902660846710205,"orthographic":true}