{"cameraMode":{"drawMode":0,"name":"Shaded","section":"Shading Mode"},"sceneLighting":true,"audioPlay":false,"sceneViewState":{"showFog":true,"showMaterialUpdate":false,"showSkybox":true,"showFlares":true,"showImageEffects":true,"showParticleSystems":true},"in2DMode":false,"pivot":{"x":1.8580539226531983,"y":0.8252906799316406,"z":0.5386629104614258},"rotation":{"x":-0.17739225924015046,"y":0.5433753132820129,"z":-0.11872252821922302,"w":-0.8119040131568909},"size":1.2209067344665528,"orthographic":true}